INSERT INTO residents (resident_id, full_name, first_name, last_name, middle_name, gender, image_base64, fingerprint_base64, date_of_birth, civil_status, barangay_status, occupation_id, nationality_id, religion_id, benefit_id, is_archived)
VALUES 
(2, 'John Doe', 'John', 'Doe', 'Smith', 'Male', 'base64encodedimage', 'base64encodedfingerprint', '1960-01-01', 'Married', 'In', 1, 2, 2, 1, FALSE),
(3, 'Jane Smith', 'Jane', 'Smith', 'Ann', 'Female', 'base64encodedimage', 'base64encodedfingerprint', '1985-05-15', 'Married', 'In', 2, 2, 2, 2, FALSE),
(4, 'Mike Johnson', 'Mike', 'Johnson', 'Paul', 'Male', 'base64encodedimage', 'base64encodedfingerprint', '2010-11-30', 'Single', 'In', 1, 2, 2, 1, FALSE),
(5, 'Emily Brown', 'Emily', 'Brown', 'Rose', 'Female', 'base64encodedimage', 'base64encodedfingerprint', '2023-08-22', 'Single', 'In', 2, 2, 2, 1, FALSE),
(6, 'David Lee', 'David', 'Lee', 'James', 'Male', 'base64encodedimage', 'base64encodedfingerprint', '1980-03-10', 'Married', 'In', 1, 2, 2, 2, FALSE),
(7, 'Sarah Wilson', 'Sarah', 'Wilson', 'Jane', 'Female', 'base64encodedimage', 'base64encodedfingerprint', '2008-07-19', 'Single', 'In', 2, 2, 2, 1, FALSE),
(8, 'Robert Taylor', 'Robert', 'Taylor', 'Michael', 'Male', 'base64encodedimage', 'base64encodedfingerprint', '1955-12-05', 'Divorced', 'In', 1, 2, 2, 2, FALSE),
(9, 'Lisa Anderson', 'Lisa', 'Anderson', 'Marie', 'Female', 'base64encodedimage', 'base64encodedfingerprint', '1995-02-28', 'Single', 'In', 2, 2, 2, 1, FALSE),
(10, 'Thomas Martinez', 'Thomas', 'Martinez', 'John', 'Male', 'base64encodedimage', 'base64encodedfingerprint', '1982-09-14', 'Married', 'In', 1, 2, 2, 1, FALSE),
(11, 'Jennifer Garcia', 'Jennifer', 'Garcia', 'Lynn', 'Female', 'base64encodedimage', 'base64encodedfingerprint', '2024-06-07', 'Single', 'In', 2, 2, 2, 2, FALSE),
(12, 'William Rodriguez', 'William', 'Rodriguez', 'Carlos', 'Male', 'base64encodedimage', 'base64encodedfingerprint', '1987-04-23', 'Married', 'In', 1, 2, 2, 1, FALSE),
(13, 'Patricia Lewis', 'Patricia', 'Lewis', 'Ann', 'Female', 'base64encodedimage', 'base64encodedfingerprint', '2015-10-11', 'Single', 'In', 2, 2, 2, 2, FALSE),
(14, 'James Lee', 'James', 'Lee', 'Robert', 'Male', 'base64encodedimage', 'base64encodedfingerprint', '1950-08-30', 'Divorced', 'In', 1, 2, 2, 1, FALSE),
(15, 'Linda Walker', 'Linda', 'Walker', 'Sue', 'Female', 'base64encodedimage', 'base64encodedfingerprint', '1984-01-17', 'Married', 'In', 2, 2, 2, 1, FALSE),
(16, 'Richard Hall', 'Richard', 'Hall', 'Thomas', 'Male', 'base64encodedimage', 'base64encodedfingerprint', '1976-11-09', 'Married', 'In', 1, 2, 2, 2, FALSE),
(17, 'Elizabeth Young', 'Elizabeth', 'Young', 'Marie', 'Female', 'base64encodedimage', 'base64encodedfingerprint', '2006-03-25', 'Single', 'In', 2, 2, 2, 1, FALSE),
(18, 'Charles Allen', 'Charles', 'Allen', 'Edward', 'Male', 'base64encodedimage', 'base64encodedfingerprint', '1981-07-14', 'Married', 'In', 1, 2, 2, 2, FALSE),
(19, 'Barbara King', 'Barbara', 'King', 'Jean', 'Female', 'base64encodedimage', 'base64encodedfingerprint', '2024-05-02', 'Single', 'In', 2, 2, 2, 1, FALSE),
(20, 'Joseph Wright', 'Joseph', 'Wright', 'Alan', 'Male', 'base64encodedimage', 'base64encodedfingerprint', '1957-12-20', 'Divorced', 'In', 1, 2, 2, 1, FALSE),
(21, 'Margaret Scott', 'Margaret', 'Scott', 'Rose', 'Female', 'base64encodedimage', 'base64encodedfingerprint', '1986-09-08', 'Married', 'In', 2, 2, 2, 2, FALSE),
(22, 'Thomas Green', 'Thomas', 'Green', 'William', 'Male', 'base64encodedimage', 'base64encodedfingerprint', '2012-02-14', 'Single', 'In', 1, 2, 2, 1, FALSE),
(23, 'Susan Baker', 'Susan', 'Baker', 'Lynn', 'Female', 'base64encodedimage', 'base64encodedfingerprint', '1983-06-30', 'Married', 'In', 2, 2, 2, 2, FALSE),
(24, 'Christopher Adams', 'Christopher', 'Adams', 'John', 'Male', 'base64encodedimage', 'base64encodedfingerprint', '1945-10-18', 'Divorced', 'In', 1, 2, 2, 1, FALSE),
(25, 'Karen Nelson', 'Karen', 'Nelson', 'Marie', 'Female', 'base64encodedimage', 'base64encodedfingerprint', '2008-04-05', 'Single', 'In', 2, 2, 2, 1, FALSE),
(26, 'Daniel Hill', 'Daniel', 'Hill', 'Robert', 'Male', 'base64encodedimage', 'base64encodedfingerprint', '1980-01-22', 'Married', 'In', 1, 2, 2, 2, FALSE),
(27, 'Nancy Ramirez', 'Nancy', 'Ramirez', 'Ann', 'Female', 'base64encodedimage', 'base64encodedfingerprint', '2023-11-11', 'Single', 'In', 2, 2, 2, 1, FALSE),
(28, 'Mark Campbell', 'Mark', 'Campbell', 'James', 'Male', 'base64encodedimage', 'base64encodedfingerprint', '1979-07-29', 'Married', 'In', 1, 2, 2, 2, FALSE),
(29, 'Lisa Mitchell', 'Lisa', 'Mitchell', 'Jane', 'Female', 'base64encodedimage', 'base64encodedfingerprint', '2013-03-17', 'Single', 'In', 2, 2, 2, 1, FALSE),
(30, 'Paul Roberts', 'Paul', 'Roberts', 'Michael', 'Male', 'base64encodedimage', 'base64encodedfingerprint', '1956-09-03', 'Divorced', 'In', 1, 2, 2, 1, FALSE),
(31, 'Betty Carter', 'Betty', 'Carter', 'Sue', 'Female', 'base64encodedimage', 'base64encodedfingerprint', '1985-12-21', 'Married', 'In', 2, 2, 2, 2, FALSE),
(32, 'Donald Phillips', 'Donald', 'Phillips', 'Edward', 'Male', 'base64encodedimage', 'base64encodedfingerprint', '2010-08-09', 'Single', 'In', 1, 2, 2, 1, FALSE),
(33, 'Dorothy Evans', 'Dorothy', 'Evans', 'Mae', 'Female', 'base64encodedimage', 'base64encodedfingerprint', '1982-01-27', 'Married', 'In', 2, 2, 2, 2, FALSE),
(34, 'George Turner', 'George', 'Turner', 'William', 'Male', 'base64encodedimage', 'base64encodedfingerprint', '1948-10-15', 'Divorced', 'In', 1, 2, 2, 1, FALSE),
(35, 'Helen Parker', 'Helen', 'Parker', 'Ann', 'Female', 'base64encodedimage', 'base64encodedfingerprint', '2007-06-02', 'Single', 'In', 2, 2, 2, 1, FALSE),
(36, 'Brian Collins', 'Brian', 'Collins', 'Paul', 'Male', 'base64encodedimage', 'base64encodedfingerprint', '1977-11-20', 'Married', 'In', 1, 2, 2, 2, FALSE),
(37, 'Sandra Edwards', 'Sandra', 'Edwards', 'Jane', 'Female', 'base64encodedimage', 'base64encodedfingerprint', '2024-05-28', 'Single', 'In', 2, 2, 2, 1, FALSE),
(38, 'Edward Stewart', 'Edward', 'Stewart', 'James', 'Male', 'base64encodedimage', 'base64encodedfingerprint', '1981-02-16', 'Married', 'In', 1, 2, 2, 1, FALSE),
(39, 'Sharon Morris', 'Sharon', 'Morris', 'Rose', 'Female', 'base64encodedimage', 'base64encodedfingerprint', '2013-08-03', 'Single', 'In', 2, 2, 2, 2, FALSE),
(40, 'Jerry Rogers', 'Jerry', 'Rogers', 'John', 'Male', 'base64encodedimage', 'base64encodedfingerprint', '1946-03-11', 'Married', 'In', 1, 2, 2, 1, FALSE),
(41, 'Pamela Price', 'Pamela', 'Price', 'Sue', 'Female', 'base64encodedimage', 'base64encodedfingerprint', '1989-12-29', 'Single', 'In', 2, 2, 2, 2, FALSE),
(42, 'Kevin Henderson', 'Kevin', 'Henderson', 'Thomas', 'Male', 'base64encodedimage', 'base64encodedfingerprint', '2009-07-17', 'Single', 'In', 1, 2, 2, 1, FALSE),
(43, 'Ruth Cox', 'Ruth', 'Cox', 'Ann', 'Female', 'base64encodedimage', 'base64encodedfingerprint', '1992-09-04', 'Single', 'In', 2, 2, 2, 2, FALSE),
(44, 'Kenneth Flores', 'Kenneth', 'Flores', 'James', 'Male', 'base64encodedimage', 'base64encodedfingerprint', '1955-06-12', 'Married', 'In', 1, 2, 2, 1, FALSE),
(45, 'Donna Howard', 'Donna', 'Howard', 'Marie', 'Female', 'base64encodedimage', 'base64encodedfingerprint', '2016-10-20', 'Single', 'In', 2, 2, 2, 2, FALSE),
(46, 'Steven Ward', 'Steven', 'Ward', 'Michael', 'Male', 'base64encodedimage', 'base64encodedfingerprint', '1993-01-08', 'Married', 'In', 1, 2, 2, 1, FALSE),
(47, 'Maria Butler', 'Maria', 'Butler', 'Jane', 'Female', 'base64encodedimage', 'base64encodedfingerprint', '2011-11-26', 'Single', 'In', 2, 2, 2, 2, FALSE),
(48, 'Eric Bailey', 'Eric', 'Bailey', 'Paul', 'Male', 'base64encodedimage', 'base64encodedfingerprint', '1988-05-14', 'Married', 'In', 1, 2, 2, 1, FALSE),
(49, 'Carol Sanders', 'Carol', 'Sanders', 'Ann', 'Female', 'base64encodedimage', 'base64encodedfingerprint', '2023-08-01', 'Single', 'In', 2, 2, 2, 2, FALSE),
(50, 'Larry Morris', 'Larry', 'Morris', 'James', 'Male', 'base64encodedimage', 'base64encodedfingerprint', '1947-03-19', 'Married', 'In', 1, 2, 2, 1, FALSE),
(51, 'Megan Rivera', 'Megan', 'Rivera', 'Lynn', 'Female', 'base64encodedimage', 'base64encodedfingerprint', '1985-12-06', 'Single', 'In', 2, 2, 2, 2, FALSE),
(52, 'Joshua Cook', 'Joshua', 'Cook', 'Robert', 'Male', 'base64encodedimage', 'base64encodedfingerprint', '2011-07-24', 'Single', 'In', 1, 2, 2, 1, FALSE),
(53, 'Deborah Morgan', 'Deborah', 'Morgan', 'Marie', 'Female', 'base64encodedimage', 'base64encodedfingerprint', '1979-02-10', 'Single', 'In', 2, 2, 2, 2, FALSE),
(54, 'Ryan Bell', 'Ryan', 'Bell', 'Thomas', 'Male', 'base64encodedimage', 'base64encodedfingerprint', '1957-09-28', 'Married', 'In', 1, 2, 2, 1, FALSE),
(55, 'Brenda Cooper', 'Brenda', 'Cooper', 'Jane', 'Female', 'base64encodedimage', 'base64encodedfingerprint', '2014-06-15', 'Single', 'In', 2, 2, 2, 2, FALSE),
(56, 'Frank Diaz', 'Frank', 'Diaz', 'William', 'Male', 'base64encodedimage', 'base64encodedfingerprint', '1983-11-02', 'Married', 'In', 1, 2, 2, 1, FALSE),
(57, 'Amy Kelly', 'Amy', 'Kelly', 'Sue', 'Female', 'base64encodedimage', 'base64encodedfingerprint', '2008-01-20', 'Single', 'In', 2, 2, 2, 2, FALSE),
(58, 'Jack Reed', 'Jack', 'Reed', 'Michael', 'Male', 'base64encodedimage', 'base64encodedfingerprint', '1952-04-07', 'Married', 'In', 1, 2, 2, 1, FALSE),
(59, 'Angela Bailey', 'Angela', 'Bailey', 'Ann', 'Female', 'base64encodedimage', 'base64encodedfingerprint', '1980-08-25', 'Single', 'In', 2, 2, 2, 2, FALSE),
(60, 'Timothy Barnes', 'Timothy', 'Barnes', 'James', 'Male', 'base64encodedimage', 'base64encodedfingerprint', '2019-03-13', 'Single', 'In', 1, 2, 2, 1, FALSE),
(61, 'Rebecca Watson', 'Rebecca', 'Watson', 'Marie', 'Female', 'base64encodedimage', 'base64encodedfingerprint', '1984-05-01', 'Single', 'In', 2, 2, 2, 2, FALSE),
(62, 'Patrick Brooks', 'Patrick', 'Brooks', 'Paul', 'Male', 'base64encodedimage', 'base64encodedfingerprint', '1945-10-19', 'Married', 'In', 1, 2, 2, 1, FALSE),
(63, 'Stephanie Kelly', 'Stephanie', 'Kelly', 'Jane', 'Female', 'base64encodedimage', 'base64encodedfingerprint', '2010-02-06', 'Single', 'In', 2, 2, 2, 2, FALSE),
(64, 'Scott Ward', 'Scott', 'Ward', 'Thomas', 'Male', 'base64encodedimage', 'base64encodedfingerprint', '1978-11-24', 'Married', 'In', 1, 2, 2, 1, FALSE),
(65, 'Laura Collins', 'Laura', 'Collins', 'Sue', 'Female', 'base64encodedimage', 'base64encodedfingerprint', '2017-06-12', 'Single', 'In', 2, 2, 2, 2, FALSE),
(66, 'Anthony Evans', 'Anthony', 'Evans', 'Michael', 'Male', 'base64encodedimage', 'base64encodedfingerprint', '1983-01-30', 'Married', 'In', 1, 2, 2, 1, FALSE),
(67, 'Catherine Rivera', 'Catherine', 'Rivera', 'Marie', 'Female', 'base64encodedimage', 'base64encodedfingerprint', '2022-07-17', 'Single', 'In', 2, 2, 2, 2, FALSE),
(68, 'Steven Cox', 'Steven', 'Cox', 'Robert', 'Male', 'base64encodedimage', 'base64encodedfingerprint', '1979-09-04', 'Married', 'In', 1, 2, 2, 1, FALSE),
(69, 'Judy Richardson', 'Judy', 'Richardson', 'Ann', 'Female', 'base64encodedimage', 'base64encodedfingerprint', '1956-12-22', 'Single', 'In', 2, 2, 2, 2, FALSE),
(70, 'Raymond Morris', 'Raymond', 'Morris', 'James', 'Male', 'base64encodedimage', 'base64encodedfingerprint', '2021-04-10', 'Single', 'In', 1, 2, 2, 1, FALSE),
(71, 'Kathleen Jenkins', 'Kathleen', 'Jenkins', 'Jane', 'Female', 'base64encodedimage', 'base64encodedfingerprint', '1977-08-28', 'Single', 'In', 2, 2, 2, 2, FALSE),
(72, 'Peter Howard', 'Peter', 'Howard', 'Thomas', 'Male', 'base64encodedimage', 'base64encodedfingerprint', '1985-02-15', 'Married', 'In', 1, 2, 2, 1, FALSE),
(73, 'Janet Murphy', 'Janet', 'Murphy', 'Rose', 'Female', 'base64encodedimage', 'base64encodedfingerprint', '2013-10-31', 'Single', 'In', 2, 2, 2, 2, FALSE),
(74, 'Kyle Ward', 'Kyle', 'Ward', 'Michael', 'Male', 'base64encodedimage', 'base64encodedfingerprint', '1981-07-07', 'Married', 'In', 1, 2, 2, 1, FALSE),
(75, 'Judith Henderson', 'Judith', 'Henderson', 'Ann', 'Female', 'base64encodedimage', 'base64encodedfingerprint', '1950-01-23', 'Single', 'In', 2, 2, 2, 2, FALSE),
(76, 'Henry Flores', 'Henry', 'Flores', 'William', 'Male', 'base64encodedimage', 'base64encodedfingerprint', '2016-09-10', 'Single', 'In', 1, 2, 2, 1, FALSE),
(77, 'Alice Cooper', 'Alice', 'Cooper', 'Marie', 'Female', 'base64encodedimage', 'base64encodedfingerprint', '1987-12-28', 'Single', 'In', 2, 2, 2, 2, FALSE),
(78, 'Walter Bailey', 'Walter', 'Bailey', 'Paul', 'Male', 'base64encodedimage', 'base64encodedfingerprint', '1949-04-05', 'Married', 'In', 1, 2, 2, 1, FALSE),
(79, 'Shirley Price', 'Shirley', 'Price', 'Ann', 'Female', 'base64encodedimage', 'base64encodedfingerprint', '2015-08-22', 'Single', 'In', 2, 2, 2, 2, FALSE),
(80, 'Jeremy Rogers', 'Jeremy', 'Rogers', 'James', 'Male', 'base64encodedimage', 'base64encodedfingerprint', '1993-03-01', 'Married', 'In', 1, 2, 2, 1, FALSE),
(81, 'Andrea Stewart', 'Andrea', 'Stewart', 'Jane', 'Female', 'base64encodedimage', 'base64encodedfingerprint', '2012-10-18', 'Single', 'In', 2, 2, 2, 2, FALSE),
(82, 'Gregory Morris', 'Gregory', 'Morris', 'Robert', 'Male', 'base64encodedimage', 'base64encodedfingerprint', '1977-06-06', 'Married', 'In', 1, 2, 2, 1, FALSE),
(83, 'Martha Parker', 'Martha', 'Parker', 'Sue', 'Female', 'base64encodedimage', 'base64encodedfingerprint', '1950-11-25', 'Single', 'In', 2, 2, 2, 2, FALSE),
(84, 'Keith Brooks', 'Keith', 'Brooks', 'Michael', 'Male', 'base64encodedimage', 'base64encodedfingerprint', '2018-05-13', 'Single', 'In', 1, 2, 2, 1, FALSE),
(85, 'Dorothy Bell', 'Dorothy', 'Bell', 'Ann', 'Female', 'base64encodedimage', 'base64encodedfingerprint', '1981-09-30', 'Single', 'In', 2, 2, 2, 2, FALSE),
(86, 'Bruce Price', 'Bruce', 'Price', 'Thomas', 'Male', 'base64encodedimage', 'base64encodedfingerprint', '1949-02-07', 'Married', 'In', 1, 2, 2, 1, FALSE),
(87, 'Teresa Sanders', 'Teresa', 'Sanders', 'Jane', 'Female', 'base64encodedimage', 'base64encodedfingerprint', '2013-11-24', 'Single', 'In', 2, 2, 2, 2, FALSE),
(88, 'Dylan Rivera', 'Dylan', 'Rivera', 'James', 'Male', 'base64encodedimage', 'base64encodedfingerprint', '1992-06-20', 'Married', 'In', 1, 2, 2, 1, FALSE),
(89, 'Gloria Ward', 'Gloria', 'Ward', 'Rose', 'Female', 'base64encodedimage', 'base64encodedfingerprint', '2017-08-17', 'Single', 'In', 2, 2, 2, 2, FALSE),
(90, 'Ralph Cox', 'Ralph', 'Cox', 'Michael', 'Male', 'base64encodedimage', 'base64encodedfingerprint', '1954-01-29', 'Married', 'In', 1, 2, 2, 1, FALSE),
(91, 'Christina Howard', 'Christina', 'Howard', 'Ann', 'Female', 'base64encodedimage', 'base64encodedfingerprint', '2006-10-06', 'Single', 'In', 2, 2, 2, 2, FALSE),
(92, 'Gary Flores', 'Gary', 'Flores', 'James', 'Male', 'base64encodedimage', 'base64encodedfingerprint', '1991-03-03', 'Married', 'In', 1, 2, 2, 1, FALSE),
(93, 'Kimberly Bailey', 'Kimberly', 'Bailey', 'Jane', 'Female', 'base64encodedimage', 'base64encodedfingerprint', '2020-11-22', 'Single', 'In', 2, 2, 2, 2, FALSE),
(94, 'Matthew Jenkins', 'Matthew', 'Jenkins', 'Robert', 'Male', 'base64encodedimage', 'base64encodedfingerprint', '1985-07-09', 'Married', 'In', 1, 2, 2, 1, FALSE),
(95, 'Diane Richardson', 'Diane', 'Richardson', 'Sue', 'Female', 'base64encodedimage', 'base64encodedfingerprint', '1952-04-26', 'Single', 'In', 2, 2, 2, 2, FALSE),
(96, 'Dennis Morris', 'Dennis', 'Morris', 'Michael', 'Male', 'base64encodedimage', 'base64encodedfingerprint', '2019-12-14', 'Single', 'In', 1, 2, 2, 1, FALSE),
(97, 'Katherine Howard', 'Katherine', 'Howard', 'Marie', 'Female', 'base64encodedimage', 'base64encodedfingerprint', '1988-08-21', 'Single', 'In', 2, 2, 2, 2, FALSE),
(98, 'Albert Bailey', 'Albert', 'Bailey', 'Thomas', 'Male', 'base64encodedimage', 'base64encodedfingerprint', '1953-06-04', 'Married', 'In', 1, 2, 2, 1, FALSE),
(99, 'Carolyn Cooper', 'Carolyn', 'Cooper', 'Jane', 'Female', 'base64encodedimage', 'base64encodedfingerprint', '2011-11-18', 'Single', 'In', 2, 2, 2, 2, FALSE),
(100, 'Mark Henderson', 'Mark', 'Henderson', 'Michael', 'Male', 'base64encodedimage', 'base64encodedfingerprint', '1980-02-08', 'Married', 'In', 1, 2, 2, 1, FALSE);


INSERT INTO contacts (resident_id, email, mobile)
VALUES 
(2, 'JohnSmith@example.com', '1234567890'),
(3, 'JaneDoe@example.com', '1234567890'),
(4, 'RobertJohnson@example.com', '1234567890'),
(5, 'EmilyDavis@example.com', '1234567890'),
(6, 'MichaelBrown@example.com', '1234567890'),
(7, 'JenniferJones@example.com', '1234567890'),
(8, 'WilliamGarcia@example.com', '1234567890'),
(9, 'LindaMartinez@example.com', '1234567890'),
(10, 'DavidRodriguez@example.com', '1234567890'),
(11, 'ElizabethWilson@example.com', '1234567890'),
(12, 'RichardAnderson@example.com', '1234567890'),
(13, 'SusanThomas@example.com', '1234567890'),
(14, 'CharlesJackson@example.com', '1234567890'),
(15, 'MaryWhite@example.com', '1234567890'),
(16, 'JosephHarris@example.com', '1234567890'),
(17, 'PatriciaMartin@example.com', '1234567890'),
(18, 'ThomasThompson@example.com', '1234567890'),
(19, 'KarenGarcia@example.com', '1234567890'),
(20, 'ChristopherMartinez@example.com', '1234567890'),
(21, 'MargaretRobinson@example.com', '1234567890'),
(22, 'DanielClark@example.com', '1234567890'),
(23, 'NancyRodriguez@example.com', '1234567890'),
(24, 'MatthewLewis@example.com', '1234567890'),
(25, 'BettyLee@example.com', '1234567890'),
(26, 'MarkWalker@example.com', '1234567890'),
(27, 'SandraHall@example.com', '1234567890'),
(28, 'PaulAllen@example.com', '1234567890'),
(29, 'AshleyYoung@example.com', '1234567890'),
(30, 'StevenKing@example.com', '1234567890'),
(31, 'DonnaWright@example.com', '1234567890'),
(32, 'GeorgeLopez@example.com', '1234567890'),
(33, 'CarolHill@example.com', '1234567890'),
(34, 'EdwardScott@example.com', '1234567890'),
(35, 'MichelleGreen@example.com', '1234567890'),
(36, 'BrianAdams@example.com', '1234567890'),
(37, 'JessicaBaker@example.com', '1234567890'),
(38, 'KevinGonzalez@example.com', '1234567890'),
(39, 'ShirleyNelson@example.com', '1234567890'),
(40, 'RonaldCarter@example.com', '1234567890'),
(41, 'AmyMitchell@example.com', '1234567890'),
(42, 'AnthonyPerez@example.com', '1234567890'),
(43, 'AngelaRoberts@example.com', '1234567890'),
(44, 'JasonTurner@example.com', '1234567890'),
(45, 'BrendaPhillips@example.com', '1234567890'),
(46, 'JeffreyCampbell@example.com', '1234567890'),
(47, 'CynthiaParker@example.com', '1234567890'),
(48, 'NicholasEvans@example.com', '1234567890'),
(49, 'DeborahEdwards@example.com', '1234567890'),
(50, 'StephenCollins@example.com', '1234567890'),
(51, 'RebeccaStewart@example.com', '1234567890'),
(52, 'FrankSanchez@example.com', '1234567890'),
(53, 'LauraMorris@example.com', '1234567890'),
(54, 'AlexanderRogers@example.com', '1234567890'),
(55, 'KimberlyReed@example.com', '1234567890'),
(56, 'PatrickCook@example.com', '1234567890'),
(57, 'HelenMorgan@example.com', '1234567890'),
(58, 'DennisBell@example.com', '1234567890'),
(59, 'MeganMurphy@example.com', '1234567890'),
(60, 'BenjaminBailey@example.com', '1234567890'),
(61, 'MelissaRivera@example.com', '1234567890'),
(62, 'SamuelCooper@example.com', '1234567890'),
(63, 'SharonRichardson@example.com', '1234567890'),
(64, 'TimothyCox@example.com', '1234567890'),
(65, 'AnnaHoward@example.com', '1234567890'),
(66, 'GregoryWard@example.com', '1234567890'),
(67, 'CatherineRivera@example.com', '1234567890'),
(68, 'StevenCox@example.com', '1234567890'),
(69, 'JudyRichardson@example.com', '1234567890'),
(70, 'RaymondMorris@example.com', '1234567890'),
(71, 'KathleenJenkins@example.com', '1234567890'),
(72, 'PeterHoward@example.com', '1234567890'),
(73, 'JanetMurphy@example.com', '1234567890'),
(74, 'KyleWard@example.com', '1234567890'),
(75, 'JudithHenderson@example.com', '1234567890'),
(76, 'HenryFlores@example.com', '1234567890'),
(77, 'AliceCooper@example.com', '1234567890'),
(78, 'WalterBailey@example.com', '1234567890'),
(79, 'ShirleyPrice@example.com', '1234567890'),
(80, 'JeremyRogers@example.com', '1234567890'),
(81, 'AndreaStewart@example.com', '1234567890'),
(82, 'GregoryMorris@example.com', '1234567890'),
(83, 'MarthaParker@example.com', '1234567890'),
(84, 'KeithBrooks@example.com', '1234567890'),
(85, 'DorothyBell@example.com', '1234567890'),
(86, 'BrucePrice@example.com', '1234567890'),
(87, 'TeresaSanders@example.com', '1234567890'),
(88, 'DylanRivera@example.com', '1234567890'),
(89, 'GloriaWard@example.com', '1234567890'),
(90, 'RalphCox@example.com', '1234567890'),
(91, 'ChristinaHoward@example.com', '1234567890'),
(92, 'GaryFlores@example.com', '1234567890'),
(93, 'KimberlyBailey@example.com', '1234567890'),
(94, 'MatthewJenkins@example.com', '1234567890'),
(95, 'DianeRichardson@example.com', '1234567890'),
(96, 'DennisMorris@example.com', '1234567890'),
(97, 'KatherineHoward@example.com', '1234567890'),
(98, 'AlbertBailey@example.com', '1234567890'),
(99, 'CarolynCooper@example.com', '1234567890'),
(100, 'MarkHenderson@example.com', '1234567890');


INSERT INTO addresses (resident_id, house_number, street_id, barangay_id, municipality_id, province_id, postal_code)
VALUES 
(2, '123', FLOOR(RAND() * 6) + 1, 1, 1, 1, '12345'),
(3, '123', FLOOR(RAND() * 6) + 1, 1, 1, 1, '12345'),
(4, '123', FLOOR(RAND() * 6) + 1, 1, 1, 1, '12345'),
(5, '123', FLOOR(RAND() * 6) + 1, 1, 1, 1, '12345'),
(6, '123', FLOOR(RAND() * 6) + 1, 1, 1, 1, '12345'),
(7, '123', FLOOR(RAND() * 6) + 1, 1, 1, 1, '12345'),
(8, '123', FLOOR(RAND() * 6) + 1, 1, 1, 1, '12345'),
(9, '123', FLOOR(RAND() * 6) + 1, 1, 1, 1, '12345'),
(10, '123', FLOOR(RAND() * 6) + 1, 1, 1, 1, '12345'),
(11, '123', FLOOR(RAND() * 6) + 1, 1, 1, 1, '12345'),
(12, '123', FLOOR(RAND() * 6) + 1, 1, 1, 1, '12345'),
(13, '123', FLOOR(RAND() * 6) + 1, 1, 1, 1, '12345'),
(14, '123', FLOOR(RAND() * 6) + 1, 1, 1, 1, '12345'),
(15, '123', FLOOR(RAND() * 6) + 1, 1, 1, 1, '12345'),
(16, '123', FLOOR(RAND() * 6) + 1, 1, 1, 1, '12345'),
(17, '123', FLOOR(RAND() * 6) + 1, 1, 1, 1, '12345'),
(18, '123', FLOOR(RAND() * 6) + 1, 1, 1, 1, '12345'),
(19, '123', FLOOR(RAND() * 6) + 1, 1, 1, 1, '12345'),
(20, '123', FLOOR(RAND() * 6) + 1, 1, 1, 1, '12345'),
(21, '123', FLOOR(RAND() * 6) + 1, 1, 1, 1, '12345'),
(22, '123', FLOOR(RAND() * 6) + 1, 1, 1, 1, '12345'),
(23, '123', FLOOR(RAND() * 6) + 1, 1, 1, 1, '12345'),
(24, '123', FLOOR(RAND() * 6) + 1, 1, 1, 1, '12345'),
(25, '123', FLOOR(RAND() * 6) + 1, 1, 1, 1, '12345'),
(26, '123', FLOOR(RAND() * 6) + 1, 1, 1, 1, '12345'),
(27, '123', FLOOR(RAND() * 6) + 1, 1, 1, 1, '12345'),
(28, '123', FLOOR(RAND() * 6) + 1, 1, 1, 1, '12345'),
(29, '123', FLOOR(RAND() * 6) + 1, 1, 1, 1, '12345'),
(30, '123', FLOOR(RAND() * 6) + 1, 1, 1, 1, '12345'),
(31, '123', FLOOR(RAND() * 6) + 1, 1, 1, 1, '12345'),
(32, '123', FLOOR(RAND() * 6) + 1, 1, 1, 1, '12345'),
(33, '123', FLOOR(RAND() * 6) + 1, 1, 1, 1, '12345'),
(34, '123', FLOOR(RAND() * 6) + 1, 1, 1, 1, '12345'),
(35, '123', FLOOR(RAND() * 6) + 1, 1, 1, 1, '12345'),
(36, '123', FLOOR(RAND() * 6) + 1, 1, 1, 1, '12345'),
(37, '123', FLOOR(RAND() * 6) + 1, 1, 1, 1, '12345'),
(38, '123', FLOOR(RAND() * 6) + 1, 1, 1, 1, '12345'),
(39, '123', FLOOR(RAND() * 6) + 1, 1, 1, 1, '12345'),
(40, '123', FLOOR(RAND() * 6) + 1, 1, 1, 1, '12345'),
(41, '123', FLOOR(RAND() * 6) + 1, 1, 1, 1, '12345'),
(42, '123', FLOOR(RAND() * 6) + 1, 1, 1, 1, '12345'),
(43, '123', FLOOR(RAND() * 6) + 1, 1, 1, 1, '12345'),
(44, '123', FLOOR(RAND() * 6) + 1, 1, 1, 1, '12345'),
(45, '123', FLOOR(RAND() * 6) + 1, 1, 1, 1, '12345'),
(46, '123', FLOOR(RAND() * 6) + 1, 1, 1, 1, '12345'),
(47, '123', FLOOR(RAND() * 6) + 1, 1, 1, 1, '12345'),
(48, '123', FLOOR(RAND() * 6) + 1, 1, 1, 1, '12345'),
(49, '123', FLOOR(RAND() * 6) + 1, 1, 1, 1, '12345'),
(50, '123', FLOOR(RAND() * 6) + 1, 1, 1, 1, '12345'),
(51, '123', FLOOR(RAND() * 6) + 1, 1, 1, 1, '12345'),
(52, '123', FLOOR(RAND() * 6) + 1, 1, 1, 1, '12345'),
(53, '123', FLOOR(RAND() * 6) + 1, 1, 1, 1, '12345'),
(54, '123', FLOOR(RAND() * 6) + 1, 1, 1, 1, '12345'),
(55, '123', FLOOR(RAND() * 6) + 1, 1, 1, 1, '12345'),
(56, '123', FLOOR(RAND() * 6) + 1, 1, 1, 1, '12345'),
(57, '123', FLOOR(RAND() * 6) + 1, 1, 1, 1, '12345'),
(58, '123', FLOOR(RAND() * 6) + 1, 1, 1, 1, '12345'),
(59, '123', FLOOR(RAND() * 6) + 1, 1, 1, 1, '12345'),
(60, '123', FLOOR(RAND() * 6) + 1, 1, 1, 1, '12345'),
(61, '123', FLOOR(RAND() * 6) + 1, 1, 1, 1, '12345'),
(62, '123', FLOOR(RAND() * 6) + 1, 1, 1, 1, '12345'),
(63, '123', FLOOR(RAND() * 6) + 1, 1, 1, 1, '12345'),
(64, '123', FLOOR(RAND() * 6) + 1, 1, 1, 1, '12345'),
(65, '123', FLOOR(RAND() * 6) + 1, 1, 1, 1, '12345'),
(66, '123', FLOOR(RAND() * 6) + 1, 1, 1, 1, '12345'),
(67, '123', FLOOR(RAND() * 6) + 1, 1, 1, 1, '12345'),
(68, '123', FLOOR(RAND() * 6) + 1, 1, 1, 1, '12345'),
(69, '123', FLOOR(RAND() * 6) + 1, 1, 1, 1, '12345'),
(70, '123', FLOOR(RAND() * 6) + 1, 1, 1, 1, '12345'),
(71, '123', FLOOR(RAND() * 6) + 1, 1, 1, 1, '12345'),
(72, '123', FLOOR(RAND() * 6) + 1, 1, 1, 1, '12345'),
(73, '123', FLOOR(RAND() * 6) + 1, 1, 1, 1, '12345'),
(74, '123', FLOOR(RAND() * 6) + 1, 1, 1, 1, '12345'),
(75, '123', FLOOR(RAND() * 6) + 1, 1, 1, 1, '12345'),
(76, '123', FLOOR(RAND() * 6) + 1, 1, 1, 1, '12345'),
(77, '123', FLOOR(RAND() * 6) + 1, 1, 1, 1, '12345'),
(78, '123', FLOOR(RAND() * 6) + 1, 1, 1, 1, '12345'),
(79, '123', FLOOR(RAND() * 6) + 1, 1, 1, 1, '12345'),
(80, '123', FLOOR(RAND() * 6) + 1, 1, 1, 1, '12345'),
(81, '123', FLOOR(RAND() * 6) + 1, 1, 1, 1, '12345'),
(82, '123', FLOOR(RAND() * 6) + 1, 1, 1, 1, '12345'),
(83, '123', FLOOR(RAND() * 6) + 1, 1, 1, 1, '12345'),
(84, '123', FLOOR(RAND() * 6) + 1, 1, 1, 1, '12345'),
(85, '123', FLOOR(RAND() * 6) + 1, 1, 1, 1, '12345'),
(86, '123', FLOOR(RAND() * 6) + 1, 1, 1, 1, '12345'),
(87, '123', FLOOR(RAND() * 6) + 1, 1, 1, 1, '12345'),
(88, '123', FLOOR(RAND() * 6) + 1, 1, 1, 1, '12345'),
(89, '123', FLOOR(RAND() * 6) + 1, 1, 1, 1, '12345'),
(90, '123', FLOOR(RAND() * 6) + 1, 1, 1, 1, '12345'),
(91, '123', FLOOR(RAND() * 6) + 1, 1, 1, 1, '12345'),
(92, '123', FLOOR(RAND() * 6) + 1, 1, 1, 1, '12345'),
(93, '123', FLOOR(RAND() * 6) + 1, 1, 1, 1, '12345'),
(94, '123', FLOOR(RAND() * 6) + 1, 1, 1, 1, '12345'),
(95, '123', FLOOR(RAND() * 6) + 1, 1, 1, 1, '12345'),
(96, '123', FLOOR(RAND() * 6) + 1, 1, 1, 1, '12345'),
(97, '123', FLOOR(RAND() * 6) + 1, 1, 1, 1, '12345'),
(98, '123', FLOOR(RAND() * 6) + 1, 1, 1, 1, '12345'),
(99, '123', FLOOR(RAND() * 6) + 1, 1, 1, 1, '12345'),
(100, '123', FLOOR(RAND() * 6) + 1, 1, 1, 1, '12345');
